{"PlayerName":"Player","PlayerHealth":100,"PlayerDead":false,"PlayerPosition":{"X":20.211084365844728,"Y":0.27039119601249697,"Z":16.216333389282228}}